<?xml version="1.0" encoding="UTF-8"?>
<project-private xmlns="http://www.netbeans.org/ns/project-private/1">
    <editor-bookmarks xmlns="http://www.netbeans.org/ns/editor-bookmarks/2" lastBookmarkId="0"/>
    <open-files xmlns="http://www.netbeans.org/ns/projectui-open-files/2">
        <group>
            <file>file:/C:/Users/jerem/Desktop/Kleiderschrank-REST/web/index.html</file>
            <file>file:/C:/Users/jerem/Desktop/Kleiderschrank-REST/src/java/model/Schrank.java</file>
            <file>file:/C:/Users/jerem/Desktop/Kleiderschrank-REST/src/java/model/service/ApplicationConfig.java</file>
            <file>file:/C:/Users/jerem/Desktop/Kleiderschrank-REST/src/java/model/service/PersonFacadeREST.java</file>
            <file>file:/C:/Users/jerem/Desktop/Kleiderschrank-REST/src/java/model/service/SchrankFacadeREST.java</file>
            <file>file:/C:/Users/jerem/Desktop/Kleiderschrank-REST/src/java/model/Person.java</file>
        </group>
    </open-files>
</project-private>
