<?xml version="1.0" encoding="UTF-8"?>
<project-private xmlns="http://www.netbeans.org/ns/project-private/1">
    <editor-bookmarks xmlns="http://www.netbeans.org/ns/editor-bookmarks/2" lastBookmarkId="0"/>
    <open-files xmlns="http://www.netbeans.org/ns/projectui-open-files/2">
        <group>
            <file>file:/C:/Users/Benni/Documents/HTL%20Grieskirchen/3.%20Klasse/Programmieren/Projekt_Wetter/src/model/Person.java</file>
            <file>file:/C:/Users/Benni/Documents/HTL%20Grieskirchen/3.%20Klasse/Programmieren/Projekt_Wetter/src/projekt_wetter/registerFenster.java</file>
            <file>file:/C:/Users/Benni/Documents/HTL%20Grieskirchen/3.%20Klasse/Programmieren/Projekt_Wetter/src/model/Geschlecht.java</file>
            <file>file:/C:/Users/Benni/Documents/HTL%20Grieskirchen/3.%20Klasse/Programmieren/Projekt_Wetter/src/Kleidung/Oberkörper.java</file>
            <file>file:/C:/Users/Benni/Documents/HTL%20Grieskirchen/3.%20Klasse/Programmieren/Projekt_Wetter/nbproject/build-impl.xml</file>
            <file>file:/C:/Users/Benni/Documents/HTL%20Grieskirchen/3.%20Klasse/Programmieren/Projekt_Wetter/src/projekt_wetter/Projekt_Wetter.java</file>
            <file>file:/C:/Users/Benni/Documents/HTL%20Grieskirchen/3.%20Klasse/Programmieren/Projekt_Wetter/src/projekt_wetter/MainFensterController.java</file>
            <file>file:/C:/Users/Benni/Documents/HTL%20Grieskirchen/3.%20Klasse/Programmieren/Projekt_Wetter/src/projekt_wetter/kleiderSchrankFenster.java</file>
            <file>file:/C:/Users/Benni/Documents/HTL%20Grieskirchen/3.%20Klasse/Programmieren/Projekt_Wetter/src/Kleidung/Hosen.java</file>
            <file>file:/C:/Users/Benni/Documents/HTL%20Grieskirchen/3.%20Klasse/Programmieren/Projekt_Wetter/src/model/Schrank.java</file>
            <file>file:/C:/Users/Benni/Documents/HTL%20Grieskirchen/3.%20Klasse/Programmieren/Projekt_Wetter/src/projekt_wetter/FXMLDocument.fxml</file>
            <file>file:/C:/Users/Benni/Documents/HTL%20Grieskirchen/3.%20Klasse/Programmieren/Projekt_Wetter/src/META-INF/persistence.xml</file>
            <file>file:/C:/Users/Benni/Documents/HTL%20Grieskirchen/3.%20Klasse/Programmieren/Projekt_Wetter/src/projekt_wetter/FXMLDocumentController.java</file>
            <file>file:/C:/Users/Benni/Documents/HTL%20Grieskirchen/3.%20Klasse/Programmieren/Projekt_Wetter/src/projekt_wetter/MainFenster.fxml</file>
            <file>file:/C:/Users/Benni/Documents/HTL%20Grieskirchen/3.%20Klasse/Programmieren/Projekt_Wetter/src/Kleidung/Kopfbedeckung.java</file>
        </group>
    </open-files>
</project-private>
