<?xml version="1.0" encoding="UTF-8"?>
<project-private xmlns="http://www.netbeans.org/ns/project-private/1">
    <editor-bookmarks xmlns="http://www.netbeans.org/ns/editor-bookmarks/2" lastBookmarkId="0"/>
    <open-files xmlns="http://www.netbeans.org/ns/projectui-open-files/2">
        <group>
            <file>file:/C:/Users/jerem/Desktop/Kleiderschrank%20Projekt/Kleiderschrank_Applikation/src/model/kleidung/Hose.java</file>
            <file>file:/C:/Users/jerem/Desktop/Kleiderschrank%20Projekt/Kleiderschrank_Applikation/src/grafik/KleiderschrankFXMLController.java</file>
            <file>file:/C:/Users/jerem/Desktop/Kleiderschrank%20Projekt/Kleiderschrank_Applikation/src/grafik/OutfitFXMLController.java</file>
            <file>file:/C:/Users/jerem/Desktop/Kleiderschrank%20Projekt/Kleiderschrank_Applikation/src/Kleiderschrank_Applikation.java</file>
        </group>
    </open-files>
</project-private>
