<?xml version="1.0" encoding="UTF-8"?>
<project-private xmlns="http://www.netbeans.org/ns/project-private/1">
    <editor-bookmarks xmlns="http://www.netbeans.org/ns/editor-bookmarks/2" lastBookmarkId="0"/>
    <open-files xmlns="http://www.netbeans.org/ns/projectui-open-files/2">
        <group>
            <file>file:/C:/Users/Benni/Documents/HTL%20Grieskirchen/3.%20Klasse/Programmieren/Projekt_Kleiderschrank-Wetter/Kleiderschrank_Applikation/src/kleiderschrank_applikation/StartFXMLController.java</file>
            <file>file:/C:/Users/Benni/Documents/HTL%20Grieskirchen/3.%20Klasse/Programmieren/Projekt_Kleiderschrank-Wetter/Kleiderschrank_Applikation/src/test.java</file>
            <file>file:/C:/Users/Benni/Documents/HTL%20Grieskirchen/3.%20Klasse/Programmieren/Projekt_Kleiderschrank-Wetter/Kleiderschrank_Applikation/src/kleiderschrank_applikation/KleiderschrankFXMLController.java</file>
            <file>file:/C:/Users/Benni/Documents/HTL%20Grieskirchen/3.%20Klasse/Programmieren/Projekt_Kleiderschrank-Wetter/Kleiderschrank_Applikation/src/model/Schrank.java</file>
        </group>
    </open-files>
</project-private>
