<?xml version="1.0" encoding="UTF-8"?>
<project-private xmlns="http://www.netbeans.org/ns/project-private/1">
    <editor-bookmarks xmlns="http://www.netbeans.org/ns/editor-bookmarks/2" lastBookmarkId="0"/>
    <open-files xmlns="http://www.netbeans.org/ns/projectui-open-files/2">
        <group>
            <file>file:/C:/Users/jerem/Desktop/Projekt_Kleiderschrank-Wetter/Kleiderschrank_Applikation/src/grafik/KleiderschrankFXMLController.java</file>
            <file>file:/C:/Users/jerem/Desktop/Projekt_Kleiderschrank-Wetter/Kleiderschrank_Applikation/src/model/kleidung/Kopfbedeckung.java</file>
            <file>file:/C:/Users/jerem/Desktop/Projekt_Kleiderschrank-Wetter/Kleiderschrank_Applikation/src/grafik/KleiderschrankWindow.java</file>
            <file>file:/C:/Users/jerem/Desktop/Projekt_Kleiderschrank-Wetter/Kleiderschrank_Applikation/src/grafik/KleiderschrankFXML.fxml</file>
            <file>file:/C:/Users/jerem/Desktop/Projekt_Kleiderschrank-Wetter/Kleiderschrank_Applikation/src/model/Geschlecht.java</file>
            <file>file:/C:/Users/jerem/Desktop/Projekt_Kleiderschrank-Wetter/Kleiderschrank_Applikation/src/grafik/StartWindow.java</file>
            <file>file:/C:/Users/jerem/Desktop/Projekt_Kleiderschrank-Wetter/Kleiderschrank_Applikation/src/Kleiderschrank_Applikation.java</file>
            <file>file:/C:/Users/jerem/Desktop/Projekt_Kleiderschrank-Wetter/Kleiderschrank_Applikation/src/grafik/OutfitFXML.fxml</file>
            <file>file:/C:/Users/jerem/Desktop/Projekt_Kleiderschrank-Wetter/Kleiderschrank_Applikation/src/test.java</file>
            <file>file:/C:/Users/jerem/Desktop/Projekt_Kleiderschrank-Wetter/Kleiderschrank_Applikation/src/model/kleidung/Oberkoerper.java</file>
            <file>file:/C:/Users/jerem/Desktop/Projekt_Kleiderschrank-Wetter/Kleiderschrank_Applikation/src/grafik/OutfitFXMLController.java</file>
            <file>file:/C:/Users/jerem/Desktop/Projekt_Kleiderschrank-Wetter/Kleiderschrank_Applikation/src/model/Person.java</file>
            <file>file:/C:/Users/jerem/Desktop/Projekt_Kleiderschrank-Wetter/Kleiderschrank_Applikation/src/model/Schrank.java</file>
            <file>file:/C:/Users/jerem/Desktop/Projekt_Kleiderschrank-Wetter/Kleiderschrank_Applikation/src/grafik/StartFXML.fxml</file>
            <file>file:/C:/Users/jerem/Desktop/Projekt_Kleiderschrank-Wetter/Kleiderschrank_Applikation/src/grafik/StartFXMLController.java</file>
            <file>file:/C:/Users/jerem/Desktop/Projekt_Kleiderschrank-Wetter/Kleiderschrank_Applikation/src/grafik/OutfitWindow.java</file>
        </group>
    </open-files>
</project-private>
