<?xml version="1.0" encoding="UTF-8"?>
<project-private xmlns="http://www.netbeans.org/ns/project-private/1">
    <editor-bookmarks xmlns="http://www.netbeans.org/ns/editor-bookmarks/2" lastBookmarkId="0"/>
    <open-files xmlns="http://www.netbeans.org/ns/projectui-open-files/2">
        <group>
            <file>file:/C:/Users/Benni/Documents/HTL%20Grieskirchen/3.%20Klasse/Programmieren/Projekt_Wetter_Rest/src/java/service/PersonFacadeREST.java</file>
            <file>file:/C:/Users/Benni/Documents/HTL%20Grieskirchen/3.%20Klasse/Programmieren/Projekt_Wetter_Rest/src/java/model/Schrank.java</file>
            <file>file:/C:/Users/Benni/Documents/HTL%20Grieskirchen/3.%20Klasse/Programmieren/Projekt_Wetter_Rest/src/java/model/Person.java</file>
            <file>file:/C:/Users/Benni/Documents/HTL%20Grieskirchen/3.%20Klasse/Programmieren/Projekt_Wetter_Rest/src/conf/persistence.xml</file>
        </group>
    </open-files>
</project-private>
